0, 0, Header, 1, 12, 192
1, 0, Start_track
1, 0, Title_t, "League of Legends - Warriors"
1, 0, Copyright_t, "Copyright ï¿½ "
1, 0, Tempo, 416666
1, 0, Key_signature, 1, "minor"
1, 0, Time_signature, 4, 2, 24, 8
1, 0, End_track
2, 0, Start_track
2, 0, MIDI_port, 0
2, 0, Title_t, "Piano"
2, 0, End_track
3, 0, Start_track
3, 0, MIDI_port, 0
3, 0, Title_t, "Piano-2"
3, 0, End_track
4, 0, Start_track
4, 0, MIDI_port, 0
4, 0, Title_t, "Piano-3"
4, 0, End_track
5, 0, Start_track
5, 0, MIDI_port, 0
5, 0, Title_t, "track_1"
5, 0, Control_c, 9, 7, 127
5, 0, Control_c, 9, 10, 64
5, 0, Note_on_c, 9, 71, 110
5, 160, Note_on_c, 9, 71, 0
5, 192, Note_on_c, 9, 71, 110
5, 238, Note_on_c, 9, 71, 0
5, 252, Note_on_c, 9, 71, 110
5, 298, Note_on_c, 9, 71, 0
5, 324, Note_on_c, 9, 71, 110
5, 370, Note_on_c, 9, 71, 0
5, 1536, Note_on_c, 9, 71, 110
5, 1696, Note_on_c, 9, 71, 0
5, 1728, Note_on_c, 9, 71, 110
5, 1774, Note_on_c, 9, 71, 0
5, 1788, Note_on_c, 9, 71, 110
5, 1834, Note_on_c, 9, 71, 0
5, 1860, Note_on_c, 9, 71, 110
5, 1906, Note_on_c, 9, 71, 0
5, 2304, Note_on_c, 9, 71, 110
5, 2464, Note_on_c, 9, 71, 0
5, 2496, Note_on_c, 9, 71, 110
5, 2542, Note_on_c, 9, 71, 0
5, 2784, Note_on_c, 9, 71, 110
5, 2878, Note_on_c, 9, 71, 0
5, 2880, Note_on_c, 9, 71, 110
5, 2974, Note_on_c, 9, 71, 0
5, 3552, Note_on_c, 9, 71, 110
5, 3646, Note_on_c, 9, 71, 0
5, 4800, Note_on_c, 9, 71, 110
5, 4894, Note_on_c, 9, 71, 0
5, 9600, Note_on_c, 9, 71, 110
5, 9760, Note_on_c, 9, 71, 0
5, 10368, Note_on_c, 9, 71, 110
5, 10528, Note_on_c, 9, 71, 0
5, 11136, Note_on_c, 9, 71, 110
5, 11296, Note_on_c, 9, 71, 0
5, 11904, Note_on_c, 9, 71, 110
5, 12064, Note_on_c, 9, 71, 0
5, 12672, Note_on_c, 9, 71, 110
5, 12832, Note_on_c, 9, 71, 0
5, 13440, Note_on_c, 9, 71, 110
5, 13600, Note_on_c, 9, 71, 0
5, 14208, Note_on_c, 9, 71, 110
5, 14368, Note_on_c, 9, 71, 0
5, 14976, Note_on_c, 9, 71, 110
5, 15136, Note_on_c, 9, 71, 0
5, 15168, Note_on_c, 9, 71, 110
5, 15328, Note_on_c, 9, 71, 0
5, 19200, Note_on_c, 9, 71, 110
5, 19246, Note_on_c, 9, 71, 0
5, 19260, Note_on_c, 9, 71, 110
5, 19306, Note_on_c, 9, 71, 0
5, 19332, Note_on_c, 9, 71, 110
5, 19378, Note_on_c, 9, 71, 0
5, 19392, Note_on_c, 9, 71, 110
5, 19552, Note_on_c, 9, 71, 0
5, 19584, Note_on_c, 9, 71, 110
5, 19630, Note_on_c, 9, 71, 0
5, 19644, Note_on_c, 9, 71, 110
5, 19690, Note_on_c, 9, 71, 0
5, 19716, Note_on_c, 9, 71, 110
5, 19762, Note_on_c, 9, 71, 0
5, 19776, Note_on_c, 9, 71, 110
5, 19936, Note_on_c, 9, 71, 0
5, 21504, Note_on_c, 9, 71, 110
5, 21550, Note_on_c, 9, 71, 0
5, 21564, Note_on_c, 9, 71, 110
5, 21610, Note_on_c, 9, 71, 0
5, 21636, Note_on_c, 9, 71, 110
5, 21682, Note_on_c, 9, 71, 0
5, 21696, Note_on_c, 9, 71, 110
5, 21856, Note_on_c, 9, 71, 0
5, 21888, Note_on_c, 9, 71, 110
5, 21934, Note_on_c, 9, 71, 0
5, 21948, Note_on_c, 9, 71, 110
5, 21994, Note_on_c, 9, 71, 0
5, 22020, Note_on_c, 9, 71, 110
5, 22066, Note_on_c, 9, 71, 0
5, 22080, Note_on_c, 9, 71, 110
5, 22240, Note_on_c, 9, 71, 0
5, 25152, Note_on_c, 9, 71, 110
5, 25246, Note_on_c, 9, 71, 0
5, 25248, Note_on_c, 9, 71, 110
5, 25342, Note_on_c, 9, 71, 0
5, 25344, Note_on_c, 9, 71, 110
5, 25504, Note_on_c, 9, 71, 0
5, 28416, Note_on_c, 9, 71, 110
5, 29136, Note_on_c, 9, 71, 0
5, 33600, Note_on_c, 9, 71, 110
5, 33760, Note_on_c, 9, 71, 0
5, 33792, Note_on_c, 9, 71, 110
5, 33952, Note_on_c, 9, 71, 0
5, 35520, Note_on_c, 9, 71, 110
5, 35680, Note_on_c, 9, 71, 0
5, 35712, Note_on_c, 9, 71, 110
5, 35872, Note_on_c, 9, 71, 0
5, 35904, Note_on_c, 9, 71, 110
5, 35998, Note_on_c, 9, 71, 0
5, 36000, Note_on_c, 9, 71, 110
5, 36094, Note_on_c, 9, 71, 0
5, 38208, Note_on_c, 9, 71, 110
5, 38368, Note_on_c, 9, 71, 0
5, 38400, Note_on_c, 9, 71, 110
5, 38560, Note_on_c, 9, 71, 0
5, 39168, Note_on_c, 9, 71, 110
5, 39328, Note_on_c, 9, 71, 0
5, 39552, Note_on_c, 9, 71, 110
5, 39712, Note_on_c, 9, 71, 0
5, 40896, Note_on_c, 9, 71, 110
5, 41056, Note_on_c, 9, 71, 0
5, 41088, Note_on_c, 9, 71, 110
5, 41248, Note_on_c, 9, 71, 0
5, 42240, Note_on_c, 9, 72, 110
5, 42400, Note_on_c, 9, 72, 0
5, 42432, Note_on_c, 9, 72, 110
5, 42592, Note_on_c, 9, 72, 0
5, 42624, Note_on_c, 9, 72, 110
5, 42784, Note_on_c, 9, 72, 0
5, 42816, Note_on_c, 9, 72, 110
5, 42976, Note_on_c, 9, 72, 0
5, 43584, Note_on_c, 9, 71, 110
5, 43678, Note_on_c, 9, 71, 0
5, 43680, Note_on_c, 9, 71, 110
5, 43774, Note_on_c, 9, 71, 0
5, 43776, Note_on_c, 9, 71, 110
5, 43936, Note_on_c, 9, 71, 0
5, 46080, Note_on_c, 9, 71, 110
5, 46126, Note_on_c, 9, 71, 0
5, 46404, Note_on_c, 9, 71, 110
5, 46450, Note_on_c, 9, 71, 0
5, 46464, Note_on_c, 9, 71, 110
5, 46510, Note_on_c, 9, 71, 0
5, 46788, Note_on_c, 9, 71, 110
5, 46834, Note_on_c, 9, 71, 0
5, 46848, Note_on_c, 9, 71, 110
5, 46894, Note_on_c, 9, 71, 0
5, 47172, Note_on_c, 9, 71, 110
5, 47218, Note_on_c, 9, 71, 0
5, 47232, Note_on_c, 9, 71, 110
5, 47278, Note_on_c, 9, 71, 0
5, 47556, Note_on_c, 9, 71, 110
5, 47602, Note_on_c, 9, 71, 0
5, 49152, Note_on_c, 9, 71, 110
5, 49198, Note_on_c, 9, 71, 0
5, 49476, Note_on_c, 9, 71, 110
5, 49522, Note_on_c, 9, 71, 0
5, 49536, Note_on_c, 9, 71, 110
5, 49582, Note_on_c, 9, 71, 0
5, 49860, Note_on_c, 9, 71, 110
5, 49906, Note_on_c, 9, 71, 0
5, 49920, Note_on_c, 9, 71, 110
5, 49966, Note_on_c, 9, 71, 0
5, 50244, Note_on_c, 9, 71, 110
5, 50290, Note_on_c, 9, 71, 0
5, 50304, Note_on_c, 9, 71, 110
5, 50350, Note_on_c, 9, 71, 0
5, 50628, Note_on_c, 9, 71, 110
5, 50674, Note_on_c, 9, 71, 0
5, 52224, Note_on_c, 9, 71, 110
5, 52384, Note_on_c, 9, 71, 0
5, 52416, Note_on_c, 9, 71, 110
5, 52576, Note_on_c, 9, 71, 0
5, 52608, Note_on_c, 9, 71, 110
5, 52768, Note_on_c, 9, 71, 0
5, 52800, Note_on_c, 9, 71, 110
5, 52960, Note_on_c, 9, 71, 0
5, 52992, Note_on_c, 9, 71, 110
5, 53152, Note_on_c, 9, 71, 0
5, 53760, Note_on_c, 9, 71, 110
5, 53920, Note_on_c, 9, 71, 0
5, 54528, Note_on_c, 9, 71, 110
5, 54688, Note_on_c, 9, 71, 0
5, 55872, Note_on_c, 9, 71, 110
5, 55966, Note_on_c, 9, 71, 0
5, 55968, Note_on_c, 9, 71, 110
5, 56062, Note_on_c, 9, 71, 0
5, 56064, Note_on_c, 9, 71, 110
5, 56224, Note_on_c, 9, 71, 0
5, 56832, Note_on_c, 9, 71, 110
5, 56992, Note_on_c, 9, 71, 0
5, 57600, Note_on_c, 9, 71, 110
5, 57760, Note_on_c, 9, 71, 0
5, 58368, Note_on_c, 9, 71, 110
5, 58414, Note_on_c, 9, 71, 0
5, 58428, Note_on_c, 9, 71, 110
5, 58498, Note_on_c, 9, 71, 0
5, 58500, Note_on_c, 9, 71, 110
5, 58546, Note_on_c, 9, 71, 0
5, 61440, Note_on_c, 9, 71, 110
5, 61486, Note_on_c, 9, 71, 0
5, 61500, Note_on_c, 9, 71, 110
5, 61570, Note_on_c, 9, 71, 0
5, 61572, Note_on_c, 9, 71, 110
5, 61618, Note_on_c, 9, 71, 0
5, 61632, Note_on_c, 9, 71, 110
5, 61678, Note_on_c, 9, 71, 0
5, 61692, Note_on_c, 9, 71, 110
5, 61762, Note_on_c, 9, 71, 0
5, 61764, Note_on_c, 9, 71, 110
5, 61810, Note_on_c, 9, 71, 0
5, 63744, Note_on_c, 9, 71, 110
5, 63790, Note_on_c, 9, 71, 0
5, 63804, Note_on_c, 9, 71, 110
5, 63874, Note_on_c, 9, 71, 0
5, 63876, Note_on_c, 9, 71, 110
5, 63922, Note_on_c, 9, 71, 0
5, 63936, Note_on_c, 9, 71, 110
5, 63982, Note_on_c, 9, 71, 0
5, 63996, Note_on_c, 9, 71, 110
5, 64066, Note_on_c, 9, 71, 0
5, 64068, Note_on_c, 9, 71, 110
5, 64114, Note_on_c, 9, 71, 0
5, 64512, Note_on_c, 9, 71, 110
5, 65232, Note_on_c, 9, 71, 0
5, 67584, Note_on_c, 9, 71, 110
5, 67630, Note_on_c, 9, 71, 0
5, 67908, Note_on_c, 9, 71, 110
5, 67954, Note_on_c, 9, 71, 0
5, 67968, Note_on_c, 9, 71, 110
5, 68014, Note_on_c, 9, 71, 0
5, 68292, Note_on_c, 9, 71, 110
5, 68338, Note_on_c, 9, 71, 0
5, 68352, Note_on_c, 9, 71, 110
5, 68398, Note_on_c, 9, 71, 0
5, 68676, Note_on_c, 9, 71, 110
5, 68722, Note_on_c, 9, 71, 0
5, 68736, Note_on_c, 9, 71, 110
5, 68782, Note_on_c, 9, 71, 0
5, 69060, Note_on_c, 9, 71, 110
5, 69106, Note_on_c, 9, 71, 0
5, 76224, Note_on_c, 9, 71, 110
5, 76318, Note_on_c, 9, 71, 0
5, 76320, Note_on_c, 9, 71, 110
5, 76414, Note_on_c, 9, 71, 0
5, 78336, Note_on_c, 9, 71, 110
5, 78382, Note_on_c, 9, 71, 0
5, 78396, Note_on_c, 9, 71, 110
5, 78466, Note_on_c, 9, 71, 0
5, 78468, Note_on_c, 9, 71, 110
5, 78514, Note_on_c, 9, 71, 0
5, 79872, Note_on_c, 9, 71, 110
5, 79918, Note_on_c, 9, 71, 0
5, 80004, Note_on_c, 9, 71, 110
5, 80050, Note_on_c, 9, 71, 0
5, 80124, Note_on_c, 9, 71, 110
5, 80218, Note_on_c, 9, 71, 0
5, 80218, End_track
6, 0, Start_track
6, 0, MIDI_port, 0
6, 0, Title_t, "track_2"
6, 0, Control_c, 9, 7, 127
6, 0, Control_c, 9, 10, 64
6, 2556, Note_on_c, 9, 71, 110
6, 2602, Note_on_c, 9, 71, 0
6, 3744, Note_on_c, 9, 71, 110
6, 3838, Note_on_c, 9, 71, 0
6, 4896, Note_on_c, 9, 71, 110
6, 4990, Note_on_c, 9, 71, 0
6, 5184, Note_on_c, 9, 71, 110
6, 5278, Note_on_c, 9, 71, 0
6, 9408, Note_on_c, 9, 71, 110
6, 9568, Note_on_c, 9, 71, 0
6, 10176, Note_on_c, 9, 71, 110
6, 10336, Note_on_c, 9, 71, 0
6, 10944, Note_on_c, 9, 71, 110
6, 11104, Note_on_c, 9, 71, 0
6, 11712, Note_on_c, 9, 71, 110
6, 11872, Note_on_c, 9, 71, 0
6, 12480, Note_on_c, 9, 71, 110
6, 12640, Note_on_c, 9, 71, 0
6, 13248, Note_on_c, 9, 71, 110
6, 13408, Note_on_c, 9, 71, 0
6, 14016, Note_on_c, 9, 71, 110
6, 14176, Note_on_c, 9, 71, 0
6, 14784, Note_on_c, 9, 71, 110
6, 14944, Note_on_c, 9, 71, 0
6, 19968, Note_on_c, 9, 71, 110
6, 20014, Note_on_c, 9, 71, 0
6, 20028, Note_on_c, 9, 71, 110
6, 20074, Note_on_c, 9, 71, 0
6, 20100, Note_on_c, 9, 71, 110
6, 20146, Note_on_c, 9, 71, 0
6, 20160, Note_on_c, 9, 71, 110
6, 20320, Note_on_c, 9, 71, 0
6, 20352, Note_on_c, 9, 71, 110
6, 20398, Note_on_c, 9, 71, 0
6, 20412, Note_on_c, 9, 71, 110
6, 20458, Note_on_c, 9, 71, 0
6, 20484, Note_on_c, 9, 71, 110
6, 20530, Note_on_c, 9, 71, 0
6, 20544, Note_on_c, 9, 71, 110
6, 20704, Note_on_c, 9, 71, 0
6, 20736, Note_on_c, 9, 71, 110
6, 20782, Note_on_c, 9, 71, 0
6, 20796, Note_on_c, 9, 71, 110
6, 20842, Note_on_c, 9, 71, 0
6, 20868, Note_on_c, 9, 71, 110
6, 20914, Note_on_c, 9, 71, 0
6, 20928, Note_on_c, 9, 71, 110
6, 21088, Note_on_c, 9, 71, 0
6, 21120, Note_on_c, 9, 71, 110
6, 21166, Note_on_c, 9, 71, 0
6, 21180, Note_on_c, 9, 71, 110
6, 21226, Note_on_c, 9, 71, 0
6, 21252, Note_on_c, 9, 71, 110
6, 21298, Note_on_c, 9, 71, 0
6, 21312, Note_on_c, 9, 71, 110
6, 21358, Note_on_c, 9, 71, 0
6, 21372, Note_on_c, 9, 71, 110
6, 21418, Note_on_c, 9, 71, 0
6, 21444, Note_on_c, 9, 71, 110
6, 21490, Note_on_c, 9, 71, 0
6, 22272, Note_on_c, 9, 71, 110
6, 22318, Note_on_c, 9, 71, 0
6, 22332, Note_on_c, 9, 71, 110
6, 22378, Note_on_c, 9, 71, 0
6, 22404, Note_on_c, 9, 71, 110
6, 22450, Note_on_c, 9, 71, 0
6, 22464, Note_on_c, 9, 71, 110
6, 22624, Note_on_c, 9, 71, 0
6, 22656, Note_on_c, 9, 71, 110
6, 22702, Note_on_c, 9, 71, 0
6, 22716, Note_on_c, 9, 71, 110
6, 22762, Note_on_c, 9, 71, 0
6, 22788, Note_on_c, 9, 71, 110
6, 22834, Note_on_c, 9, 71, 0
6, 22848, Note_on_c, 9, 71, 110
6, 23008, Note_on_c, 9, 71, 0
6, 25536, Note_on_c, 9, 71, 110
6, 25630, Note_on_c, 9, 71, 0
6, 25632, Note_on_c, 9, 72, 110
6, 25726, Note_on_c, 9, 72, 0
6, 25728, Note_on_c, 9, 72, 110
6, 25822, Note_on_c, 9, 72, 0
6, 25824, Note_on_c, 9, 72, 110
6, 25918, Note_on_c, 9, 72, 0
6, 26880, Note_on_c, 9, 71, 110
6, 27040, Note_on_c, 9, 71, 0
6, 29952, Note_on_c, 9, 71, 110
6, 30672, Note_on_c, 9, 71, 0
6, 33024, Note_on_c, 9, 71, 110
6, 33360, Note_on_c, 9, 71, 0
6, 35136, Note_on_c, 9, 71, 110
6, 35230, Note_on_c, 9, 71, 0
6, 35232, Note_on_c, 9, 72, 110
6, 35326, Note_on_c, 9, 72, 0
6, 35328, Note_on_c, 9, 72, 110
6, 35422, Note_on_c, 9, 72, 0
6, 35424, Note_on_c, 9, 72, 110
6, 35518, Note_on_c, 9, 72, 0
6, 36672, Note_on_c, 9, 72, 110
6, 36766, Note_on_c, 9, 72, 0
6, 36768, Note_on_c, 9, 72, 110
6, 36862, Note_on_c, 9, 72, 0
6, 36864, Note_on_c, 9, 72, 110
6, 36958, Note_on_c, 9, 72, 0
6, 36960, Note_on_c, 9, 72, 110
6, 37054, Note_on_c, 9, 72, 0
6, 37056, Note_on_c, 9, 72, 110
6, 37150, Note_on_c, 9, 72, 0
6, 37152, Note_on_c, 9, 72, 110
6, 37246, Note_on_c, 9, 72, 0
6, 38592, Note_on_c, 9, 71, 110
6, 38752, Note_on_c, 9, 71, 0
6, 38976, Note_on_c, 9, 71, 110
6, 39136, Note_on_c, 9, 71, 0
6, 40512, Note_on_c, 9, 72, 110
6, 40672, Note_on_c, 9, 72, 0
6, 40704, Note_on_c, 9, 72, 110
6, 40864, Note_on_c, 9, 72, 0
6, 41280, Note_on_c, 9, 72, 110
6, 41440, Note_on_c, 9, 72, 0
6, 41472, Note_on_c, 9, 72, 110
6, 41632, Note_on_c, 9, 72, 0
6, 41664, Note_on_c, 9, 72, 110
6, 41824, Note_on_c, 9, 72, 0
6, 41856, Note_on_c, 9, 72, 110
6, 42016, Note_on_c, 9, 72, 0
6, 42048, Note_on_c, 9, 72, 110
6, 42208, Note_on_c, 9, 72, 0
6, 43968, Note_on_c, 9, 71, 110
6, 44062, Note_on_c, 9, 71, 0
6, 44064, Note_on_c, 9, 72, 110
6, 44158, Note_on_c, 9, 72, 0
6, 44160, Note_on_c, 9, 72, 110
6, 44254, Note_on_c, 9, 72, 0
6, 44256, Note_on_c, 9, 72, 110
6, 44350, Note_on_c, 9, 72, 0
6, 45312, Note_on_c, 9, 71, 110
6, 45472, Note_on_c, 9, 71, 0
6, 53184, Note_on_c, 9, 71, 110
6, 53278, Note_on_c, 9, 71, 0
6, 56256, Note_on_c, 9, 71, 110
6, 56350, Note_on_c, 9, 71, 0
6, 58560, Note_on_c, 9, 71, 110
6, 58606, Note_on_c, 9, 71, 0
6, 58620, Note_on_c, 9, 71, 110
6, 58690, Note_on_c, 9, 71, 0
6, 58692, Note_on_c, 9, 71, 110
6, 58738, Note_on_c, 9, 71, 0
6, 62976, Note_on_c, 9, 71, 110
6, 63022, Note_on_c, 9, 71, 0
6, 63036, Note_on_c, 9, 71, 110
6, 63106, Note_on_c, 9, 71, 0
6, 63108, Note_on_c, 9, 71, 110
6, 63154, Note_on_c, 9, 71, 0
6, 63168, Note_on_c, 9, 71, 110
6, 63214, Note_on_c, 9, 71, 0
6, 63228, Note_on_c, 9, 71, 110
6, 63298, Note_on_c, 9, 71, 0
6, 63300, Note_on_c, 9, 71, 110
6, 63346, Note_on_c, 9, 71, 0
6, 76416, Note_on_c, 9, 71, 110
6, 76510, Note_on_c, 9, 71, 0
6, 76512, Note_on_c, 9, 71, 110
6, 76606, Note_on_c, 9, 71, 0
6, 78528, Note_on_c, 9, 71, 110
6, 78574, Note_on_c, 9, 71, 0
6, 78588, Note_on_c, 9, 71, 110
6, 78658, Note_on_c, 9, 71, 0
6, 78660, Note_on_c, 9, 71, 110
6, 78706, Note_on_c, 9, 71, 0
6, 80256, Note_on_c, 9, 71, 110
6, 80302, Note_on_c, 9, 71, 0
6, 80388, Note_on_c, 9, 71, 110
6, 80434, Note_on_c, 9, 71, 0
6, 80508, Note_on_c, 9, 71, 110
6, 80602, Note_on_c, 9, 71, 0
6, 80602, End_track
7, 0, Start_track
7, 0, MIDI_port, 0
7, 0, Title_t, "track_3"
7, 0, Control_c, 9, 7, 127
7, 0, Control_c, 9, 10, 64
7, 768, Note_on_c, 9, 71, 110
7, 928, Note_on_c, 9, 71, 0
7, 960, Note_on_c, 9, 71, 110
7, 1006, Note_on_c, 9, 71, 0
7, 1020, Note_on_c, 9, 71, 110
7, 1066, Note_on_c, 9, 71, 0
7, 1092, Note_on_c, 9, 71, 110
7, 1138, Note_on_c, 9, 71, 0
7, 2628, Note_on_c, 9, 71, 110
7, 2674, Note_on_c, 9, 71, 0
7, 2976, Note_on_c, 9, 71, 110
7, 3070, Note_on_c, 9, 71, 0
7, 3648, Note_on_c, 9, 71, 110
7, 3742, Note_on_c, 9, 71, 0
7, 4416, Note_on_c, 9, 71, 110
7, 4510, Note_on_c, 9, 71, 0
7, 4512, Note_on_c, 9, 71, 110
7, 4606, Note_on_c, 9, 71, 0
7, 5280, Note_on_c, 9, 71, 110
7, 5374, Note_on_c, 9, 71, 0
7, 9216, Note_on_c, 9, 71, 110
7, 9376, Note_on_c, 9, 71, 0
7, 9984, Note_on_c, 9, 71, 110
7, 10144, Note_on_c, 9, 71, 0
7, 10752, Note_on_c, 9, 71, 110
7, 10912, Note_on_c, 9, 71, 0
7, 11520, Note_on_c, 9, 71, 110
7, 11680, Note_on_c, 9, 71, 0
7, 12288, Note_on_c, 9, 71, 110
7, 12448, Note_on_c, 9, 71, 0
7, 13056, Note_on_c, 9, 71, 110
7, 13216, Note_on_c, 9, 71, 0
7, 13824, Note_on_c, 9, 71, 110
7, 13984, Note_on_c, 9, 71, 0
7, 14592, Note_on_c, 9, 71, 110
7, 14752, Note_on_c, 9, 71, 0
7, 17664, Note_on_c, 9, 72, 110
7, 17824, Note_on_c, 9, 72, 0
7, 17856, Note_on_c, 9, 72, 110
7, 18016, Note_on_c, 9, 72, 0
7, 18048, Note_on_c, 9, 72, 110
7, 18208, Note_on_c, 9, 72, 0
7, 18240, Note_on_c, 9, 72, 110
7, 18400, Note_on_c, 9, 72, 0
7, 18432, Note_on_c, 9, 71, 110
7, 18478, Note_on_c, 9, 71, 0
7, 18492, Note_on_c, 9, 71, 110
7, 18538, Note_on_c, 9, 71, 0
7, 18564, Note_on_c, 9, 71, 110
7, 18610, Note_on_c, 9, 71, 0
7, 18624, Note_on_c, 9, 71, 110
7, 18784, Note_on_c, 9, 71, 0
7, 18816, Note_on_c, 9, 71, 110
7, 18862, Note_on_c, 9, 71, 0
7, 18876, Note_on_c, 9, 71, 110
7, 18922, Note_on_c, 9, 71, 0
7, 18948, Note_on_c, 9, 71, 110
7, 18994, Note_on_c, 9, 71, 0
7, 19008, Note_on_c, 9, 71, 110
7, 19168, Note_on_c, 9, 71, 0
7, 23040, Note_on_c, 9, 71, 110
7, 23086, Note_on_c, 9, 71, 0
7, 23100, Note_on_c, 9, 71, 110
7, 23146, Note_on_c, 9, 71, 0
7, 23172, Note_on_c, 9, 71, 110
7, 23218, Note_on_c, 9, 71, 0
7, 23232, Note_on_c, 9, 71, 110
7, 23392, Note_on_c, 9, 71, 0
7, 23424, Note_on_c, 9, 71, 110
7, 23470, Note_on_c, 9, 71, 0
7, 23484, Note_on_c, 9, 71, 110
7, 23530, Note_on_c, 9, 71, 0
7, 23556, Note_on_c, 9, 71, 110
7, 23602, Note_on_c, 9, 71, 0
7, 23616, Note_on_c, 9, 71, 110
7, 23776, Note_on_c, 9, 71, 0
7, 24576, Note_on_c, 9, 72, 110
7, 24736, Note_on_c, 9, 72, 0
7, 24768, Note_on_c, 9, 72, 110
7, 24928, Note_on_c, 9, 72, 0
7, 24960, Note_on_c, 9, 72, 110
7, 25120, Note_on_c, 9, 72, 0
7, 25920, Note_on_c, 9, 71, 110
7, 26080, Note_on_c, 9, 71, 0
7, 26112, Note_on_c, 9, 71, 110
7, 26272, Note_on_c, 9, 71, 0
7, 26496, Note_on_c, 9, 71, 110
7, 26656, Note_on_c, 9, 71, 0
7, 31488, Note_on_c, 9, 71, 110
7, 32208, Note_on_c, 9, 71, 0
7, 32640, Note_on_c, 9, 71, 110
7, 32976, Note_on_c, 9, 71, 0
7, 34368, Note_on_c, 9, 71, 110
7, 34528, Note_on_c, 9, 71, 0
7, 34560, Note_on_c, 9, 71, 110
7, 34720, Note_on_c, 9, 71, 0
7, 37440, Note_on_c, 9, 72, 110
7, 37534, Note_on_c, 9, 72, 0
7, 37536, Note_on_c, 9, 72, 110
7, 37630, Note_on_c, 9, 72, 0
7, 37632, Note_on_c, 9, 72, 110
7, 37726, Note_on_c, 9, 72, 0
7, 37728, Note_on_c, 9, 72, 110
7, 37822, Note_on_c, 9, 72, 0
7, 37824, Note_on_c, 9, 72, 110
7, 37918, Note_on_c, 9, 72, 0
7, 37920, Note_on_c, 9, 72, 110
7, 38014, Note_on_c, 9, 72, 0
7, 38016, Note_on_c, 9, 72, 110
7, 38110, Note_on_c, 9, 72, 0
7, 38112, Note_on_c, 9, 72, 110
7, 38206, Note_on_c, 9, 72, 0
7, 38784, Note_on_c, 9, 71, 110
7, 38944, Note_on_c, 9, 71, 0
7, 39936, Note_on_c, 9, 72, 110
7, 40096, Note_on_c, 9, 72, 0
7, 40128, Note_on_c, 9, 72, 110
7, 40288, Note_on_c, 9, 72, 0
7, 40320, Note_on_c, 9, 72, 110
7, 40480, Note_on_c, 9, 72, 0
7, 43008, Note_on_c, 9, 72, 110
7, 43168, Note_on_c, 9, 72, 0
7, 43200, Note_on_c, 9, 72, 110
7, 43360, Note_on_c, 9, 72, 0
7, 43392, Note_on_c, 9, 72, 110
7, 43552, Note_on_c, 9, 72, 0
7, 44352, Note_on_c, 9, 71, 110
7, 44512, Note_on_c, 9, 71, 0
7, 44544, Note_on_c, 9, 71, 110
7, 44704, Note_on_c, 9, 71, 0
7, 44928, Note_on_c, 9, 71, 110
7, 45088, Note_on_c, 9, 71, 0
7, 46212, Note_on_c, 9, 71, 110
7, 46258, Note_on_c, 9, 71, 0
7, 46272, Note_on_c, 9, 71, 110
7, 46318, Note_on_c, 9, 71, 0
7, 46596, Note_on_c, 9, 71, 110
7, 46642, Note_on_c, 9, 71, 0
7, 46656, Note_on_c, 9, 71, 110
7, 46702, Note_on_c, 9, 71, 0
7, 46980, Note_on_c, 9, 71, 110
7, 47026, Note_on_c, 9, 71, 0
7, 47040, Note_on_c, 9, 71, 110
7, 47086, Note_on_c, 9, 71, 0
7, 47364, Note_on_c, 9, 71, 110
7, 47410, Note_on_c, 9, 71, 0
7, 47424, Note_on_c, 9, 71, 110
7, 47470, Note_on_c, 9, 71, 0
7, 49284, Note_on_c, 9, 71, 110
7, 49330, Note_on_c, 9, 71, 0
7, 49344, Note_on_c, 9, 71, 110
7, 49390, Note_on_c, 9, 71, 0
7, 49668, Note_on_c, 9, 71, 110
7, 49714, Note_on_c, 9, 71, 0
7, 49728, Note_on_c, 9, 71, 110
7, 49774, Note_on_c, 9, 71, 0
7, 50052, Note_on_c, 9, 71, 110
7, 50098, Note_on_c, 9, 71, 0
7, 50112, Note_on_c, 9, 71, 110
7, 50158, Note_on_c, 9, 71, 0
7, 50436, Note_on_c, 9, 71, 110
7, 50482, Note_on_c, 9, 71, 0
7, 50496, Note_on_c, 9, 71, 110
7, 50542, Note_on_c, 9, 71, 0
7, 53280, Note_on_c, 9, 71, 110
7, 53374, Note_on_c, 9, 71, 0
7, 53376, Note_on_c, 9, 71, 110
7, 53536, Note_on_c, 9, 71, 0
7, 55296, Note_on_c, 9, 71, 110
7, 55456, Note_on_c, 9, 71, 0
7, 56352, Note_on_c, 9, 71, 110
7, 56446, Note_on_c, 9, 71, 0
7, 56448, Note_on_c, 9, 71, 110
7, 56608, Note_on_c, 9, 71, 0
7, 58752, Note_on_c, 9, 71, 110
7, 58798, Note_on_c, 9, 71, 0
7, 58812, Note_on_c, 9, 71, 110
7, 58882, Note_on_c, 9, 71, 0
7, 58884, Note_on_c, 9, 71, 110
7, 58930, Note_on_c, 9, 71, 0
7, 61824, Note_on_c, 9, 71, 110
7, 61870, Note_on_c, 9, 71, 0
7, 61884, Note_on_c, 9, 71, 110
7, 61954, Note_on_c, 9, 71, 0
7, 61956, Note_on_c, 9, 71, 110
7, 62002, Note_on_c, 9, 71, 0
7, 62016, Note_on_c, 9, 71, 110
7, 62062, Note_on_c, 9, 71, 0
7, 62076, Note_on_c, 9, 71, 110
7, 62146, Note_on_c, 9, 71, 0
7, 62148, Note_on_c, 9, 71, 110
7, 62194, Note_on_c, 9, 71, 0
7, 65280, Note_on_c, 9, 71, 110
7, 66000, Note_on_c, 9, 71, 0
7, 67716, Note_on_c, 9, 71, 110
7, 67762, Note_on_c, 9, 71, 0
7, 67776, Note_on_c, 9, 71, 110
7, 67822, Note_on_c, 9, 71, 0
7, 68100, Note_on_c, 9, 71, 110
7, 68146, Note_on_c, 9, 71, 0
7, 68160, Note_on_c, 9, 71, 110
7, 68206, Note_on_c, 9, 71, 0
7, 68484, Note_on_c, 9, 71, 110
7, 68530, Note_on_c, 9, 71, 0
7, 68544, Note_on_c, 9, 71, 110
7, 68590, Note_on_c, 9, 71, 0
7, 68868, Note_on_c, 9, 71, 110
7, 68914, Note_on_c, 9, 71, 0
7, 68928, Note_on_c, 9, 71, 110
7, 68974, Note_on_c, 9, 71, 0
7, 76608, Note_on_c, 9, 71, 110
7, 76702, Note_on_c, 9, 71, 0
7, 76704, Note_on_c, 9, 71, 110
7, 76798, Note_on_c, 9, 71, 0
7, 78720, Note_on_c, 9, 71, 110
7, 78766, Note_on_c, 9, 71, 0
7, 78780, Note_on_c, 9, 71, 110
7, 78850, Note_on_c, 9, 71, 0
7, 78852, Note_on_c, 9, 71, 110
7, 78898, Note_on_c, 9, 71, 0
7, 79680, Note_on_c, 9, 71, 110
7, 79726, Note_on_c, 9, 71, 0
7, 79740, Note_on_c, 9, 71, 110
7, 79810, Note_on_c, 9, 71, 0
7, 79812, Note_on_c, 9, 71, 110
7, 79858, Note_on_c, 9, 71, 0
7, 81408, Note_on_c, 9, 72, 110
7, 81502, Note_on_c, 9, 72, 0
7, 81504, Note_on_c, 9, 72, 110
7, 81598, Note_on_c, 9, 72, 0
7, 81600, Note_on_c, 9, 72, 110
7, 81694, Note_on_c, 9, 72, 0
7, 81696, Note_on_c, 9, 72, 110
7, 81790, Note_on_c, 9, 72, 0
7, 81792, Note_on_c, 9, 72, 110
7, 81886, Note_on_c, 9, 72, 0
7, 81888, Note_on_c, 9, 72, 110
7, 81982, Note_on_c, 9, 72, 0
7, 81984, Note_on_c, 9, 72, 110
7, 82078, Note_on_c, 9, 72, 0
7, 82080, Note_on_c, 9, 72, 110
7, 82174, Note_on_c, 9, 72, 0
7, 82174, End_track
8, 0, Start_track
8, 0, MIDI_port, 0
8, 0, Title_t, "track_4"
8, 0, Control_c, 9, 7, 127
8, 0, Control_c, 9, 10, 64
8, 384, Note_on_c, 9, 71, 110
8, 544, Note_on_c, 9, 71, 0
8, 576, Note_on_c, 9, 71, 110
8, 622, Note_on_c, 9, 71, 0
8, 636, Note_on_c, 9, 71, 110
8, 682, Note_on_c, 9, 71, 0
8, 708, Note_on_c, 9, 71, 110
8, 754, Note_on_c, 9, 71, 0
8, 1920, Note_on_c, 9, 71, 110
8, 2080, Note_on_c, 9, 71, 0
8, 2112, Note_on_c, 9, 71, 110
8, 2158, Note_on_c, 9, 71, 0
8, 2172, Note_on_c, 9, 71, 110
8, 2218, Note_on_c, 9, 71, 0
8, 2244, Note_on_c, 9, 71, 110
8, 2290, Note_on_c, 9, 71, 0
8, 2688, Note_on_c, 9, 71, 110
8, 2848, Note_on_c, 9, 71, 0
8, 5856, Note_on_c, 9, 71, 110
8, 5950, Note_on_c, 9, 71, 0
8, 6336, Note_on_c, 9, 71, 110
8, 6430, Note_on_c, 9, 71, 0
8, 6432, Note_on_c, 9, 71, 110
8, 6526, Note_on_c, 9, 71, 0
8, 6624, Note_on_c, 9, 71, 110
8, 6718, Note_on_c, 9, 71, 0
8, 7104, Note_on_c, 9, 71, 110
8, 7198, Note_on_c, 9, 71, 0
8, 7200, Note_on_c, 9, 71, 110
8, 7294, Note_on_c, 9, 71, 0
8, 7488, Note_on_c, 9, 71, 110
8, 7582, Note_on_c, 9, 71, 0
8, 8352, Note_on_c, 9, 72, 110
8, 8446, Note_on_c, 9, 72, 0
8, 8448, Note_on_c, 9, 72, 110
8, 8542, Note_on_c, 9, 72, 0
8, 8544, Note_on_c, 9, 72, 110
8, 8638, Note_on_c, 9, 72, 0
8, 8640, Note_on_c, 9, 72, 110
8, 8734, Note_on_c, 9, 72, 0
8, 8736, Note_on_c, 9, 72, 110
8, 8830, Note_on_c, 9, 72, 0
8, 8832, Note_on_c, 9, 72, 110
8, 8926, Note_on_c, 9, 72, 0
8, 8928, Note_on_c, 9, 72, 110
8, 9022, Note_on_c, 9, 72, 0
8, 15360, Note_on_c, 9, 71, 110
8, 15406, Note_on_c, 9, 71, 0
8, 15420, Note_on_c, 9, 71, 110
8, 15466, Note_on_c, 9, 71, 0
8, 15492, Note_on_c, 9, 71, 110
8, 15538, Note_on_c, 9, 71, 0
8, 15552, Note_on_c, 9, 71, 110
8, 15712, Note_on_c, 9, 71, 0
8, 15744, Note_on_c, 9, 71, 110
8, 15790, Note_on_c, 9, 71, 0
8, 15804, Note_on_c, 9, 71, 110
8, 15850, Note_on_c, 9, 71, 0
8, 15876, Note_on_c, 9, 71, 110
8, 15922, Note_on_c, 9, 71, 0
8, 15936, Note_on_c, 9, 71, 110
8, 16096, Note_on_c, 9, 71, 0
8, 18432, Note_on_c, 9, 72, 110
8, 18592, Note_on_c, 9, 72, 0
8, 18624, Note_on_c, 9, 72, 110
8, 18784, Note_on_c, 9, 72, 0
8, 18816, Note_on_c, 9, 72, 110
8, 18976, Note_on_c, 9, 72, 0
8, 19776, Note_on_c, 9, 71, 110
8, 19936, Note_on_c, 9, 71, 0
8, 19968, Note_on_c, 9, 72, 110
8, 20062, Note_on_c, 9, 72, 0
8, 20064, Note_on_c, 9, 72, 110
8, 20158, Note_on_c, 9, 72, 0
8, 20160, Note_on_c, 9, 72, 110
8, 20254, Note_on_c, 9, 72, 0
8, 20256, Note_on_c, 9, 72, 110
8, 20350, Note_on_c, 9, 72, 0
8, 24000, Note_on_c, 9, 71, 110
8, 24160, Note_on_c, 9, 71, 0
8, 24192, Note_on_c, 9, 71, 110
8, 24352, Note_on_c, 9, 71, 0
8, 24384, Note_on_c, 9, 71, 110
8, 24478, Note_on_c, 9, 71, 0
8, 24480, Note_on_c, 9, 71, 110
8, 24574, Note_on_c, 9, 71, 0
8, 30720, Note_on_c, 9, 71, 110
8, 31440, Note_on_c, 9, 71, 0
8, 32256, Note_on_c, 9, 71, 110
8, 32592, Note_on_c, 9, 71, 0
8, 33792, Note_on_c, 9, 71, 110
8, 33952, Note_on_c, 9, 71, 0
8, 34560, Note_on_c, 9, 71, 110
8, 34720, Note_on_c, 9, 71, 0
8, 37632, Note_on_c, 9, 71, 110
8, 37792, Note_on_c, 9, 71, 0
8, 38400, Note_on_c, 9, 71, 110
8, 38560, Note_on_c, 9, 71, 0
8, 47616, Note_on_c, 9, 71, 110
8, 47662, Note_on_c, 9, 71, 0
8, 47940, Note_on_c, 9, 71, 110
8, 47986, Note_on_c, 9, 71, 0
8, 48000, Note_on_c, 9, 71, 110
8, 48046, Note_on_c, 9, 71, 0
8, 48324, Note_on_c, 9, 71, 110
8, 48370, Note_on_c, 9, 71, 0
8, 48384, Note_on_c, 9, 71, 110
8, 48430, Note_on_c, 9, 71, 0
8, 48708, Note_on_c, 9, 71, 110
8, 48754, Note_on_c, 9, 71, 0
8, 48768, Note_on_c, 9, 71, 110
8, 48814, Note_on_c, 9, 71, 0
8, 49092, Note_on_c, 9, 71, 110
8, 49138, Note_on_c, 9, 71, 0
8, 50688, Note_on_c, 9, 71, 110
8, 50734, Note_on_c, 9, 71, 0
8, 51012, Note_on_c, 9, 71, 110
8, 51058, Note_on_c, 9, 71, 0
8, 51072, Note_on_c, 9, 71, 110
8, 51118, Note_on_c, 9, 71, 0
8, 51396, Note_on_c, 9, 71, 110
8, 51442, Note_on_c, 9, 71, 0
8, 51456, Note_on_c, 9, 71, 110
8, 51502, Note_on_c, 9, 71, 0
8, 51780, Note_on_c, 9, 71, 110
8, 51826, Note_on_c, 9, 71, 0
8, 51840, Note_on_c, 9, 71, 110
8, 51886, Note_on_c, 9, 71, 0
8, 52164, Note_on_c, 9, 71, 110
8, 52210, Note_on_c, 9, 71, 0
8, 58944, Note_on_c, 9, 71, 110
8, 58990, Note_on_c, 9, 71, 0
8, 59004, Note_on_c, 9, 71, 110
8, 59074, Note_on_c, 9, 71, 0
8, 59076, Note_on_c, 9, 71, 110
8, 59122, Note_on_c, 9, 71, 0
8, 60096, Note_on_c, 9, 71, 110
8, 60190, Note_on_c, 9, 71, 0
8, 60192, Note_on_c, 9, 71, 110
8, 60286, Note_on_c, 9, 71, 0
8, 62208, Note_on_c, 9, 71, 110
8, 62254, Note_on_c, 9, 71, 0
8, 62268, Note_on_c, 9, 71, 110
8, 62338, Note_on_c, 9, 71, 0
8, 62340, Note_on_c, 9, 71, 110
8, 62386, Note_on_c, 9, 71, 0
8, 62400, Note_on_c, 9, 71, 110
8, 62446, Note_on_c, 9, 71, 0
8, 62460, Note_on_c, 9, 71, 110
8, 62530, Note_on_c, 9, 71, 0
8, 62532, Note_on_c, 9, 71, 110
8, 62578, Note_on_c, 9, 71, 0
8, 67008, Note_on_c, 9, 71, 110
8, 67168, Note_on_c, 9, 71, 0
8, 67200, Note_on_c, 9, 71, 110
8, 67360, Note_on_c, 9, 71, 0
8, 67392, Note_on_c, 9, 71, 110
8, 67486, Note_on_c, 9, 71, 0
8, 67488, Note_on_c, 9, 71, 110
8, 67582, Note_on_c, 9, 71, 0
8, 69120, Note_on_c, 9, 71, 110
8, 69166, Note_on_c, 9, 71, 0
8, 69444, Note_on_c, 9, 71, 110
8, 69490, Note_on_c, 9, 71, 0
8, 69504, Note_on_c, 9, 71, 110
8, 69550, Note_on_c, 9, 71, 0
8, 69828, Note_on_c, 9, 71, 110
8, 69874, Note_on_c, 9, 71, 0
8, 69888, Note_on_c, 9, 71, 110
8, 69934, Note_on_c, 9, 71, 0
8, 70212, Note_on_c, 9, 71, 110
8, 70258, Note_on_c, 9, 71, 0
8, 70272, Note_on_c, 9, 71, 110
8, 70318, Note_on_c, 9, 71, 0
8, 70596, Note_on_c, 9, 71, 110
8, 70642, Note_on_c, 9, 71, 0
8, 70656, Note_on_c, 9, 72, 110
8, 70816, Note_on_c, 9, 72, 0
8, 70848, Note_on_c, 9, 72, 110
8, 71008, Note_on_c, 9, 72, 0
8, 71040, Note_on_c, 9, 72, 110
8, 71200, Note_on_c, 9, 72, 0
8, 73728, Note_on_c, 9, 72, 110
8, 73888, Note_on_c, 9, 72, 0
8, 73920, Note_on_c, 9, 72, 110
8, 74080, Note_on_c, 9, 72, 0
8, 74112, Note_on_c, 9, 72, 110
8, 74272, Note_on_c, 9, 72, 0
8, 75072, Note_on_c, 9, 71, 110
8, 75232, Note_on_c, 9, 71, 0
8, 75264, Note_on_c, 9, 71, 110
8, 75424, Note_on_c, 9, 71, 0
8, 75648, Note_on_c, 9, 71, 110
8, 75808, Note_on_c, 9, 71, 0
8, 76992, Note_on_c, 9, 71, 110
8, 77152, Note_on_c, 9, 71, 0
8, 77568, Note_on_c, 9, 71, 110
8, 77728, Note_on_c, 9, 71, 0
8, 77952, Note_on_c, 9, 71, 110
8, 78112, Note_on_c, 9, 71, 0
8, 78912, Note_on_c, 9, 71, 110
8, 78958, Note_on_c, 9, 71, 0
8, 78972, Note_on_c, 9, 71, 110
8, 79042, Note_on_c, 9, 71, 0
8, 79044, Note_on_c, 9, 71, 110
8, 79090, Note_on_c, 9, 71, 0
8, 79488, Note_on_c, 9, 71, 110
8, 79534, Note_on_c, 9, 71, 0
8, 79548, Note_on_c, 9, 71, 110
8, 79618, Note_on_c, 9, 71, 0
8, 79620, Note_on_c, 9, 71, 110
8, 79666, Note_on_c, 9, 71, 0
8, 80640, Note_on_c, 9, 71, 110
8, 80686, Note_on_c, 9, 71, 0
8, 80772, Note_on_c, 9, 71, 110
8, 80818, Note_on_c, 9, 71, 0
8, 80892, Note_on_c, 9, 71, 110
8, 80986, Note_on_c, 9, 71, 0
8, 81408, Note_on_c, 9, 72, 110
8, 81502, Note_on_c, 9, 72, 0
8, 81504, Note_on_c, 9, 72, 110
8, 81598, Note_on_c, 9, 72, 0
8, 81600, Note_on_c, 9, 72, 110
8, 81694, Note_on_c, 9, 72, 0
8, 81696, Note_on_c, 9, 72, 110
8, 81790, Note_on_c, 9, 72, 0
8, 81792, Note_on_c, 9, 72, 110
8, 81886, Note_on_c, 9, 72, 0
8, 81888, Note_on_c, 9, 72, 110
8, 81982, Note_on_c, 9, 72, 0
8, 81984, Note_on_c, 9, 72, 110
8, 82078, Note_on_c, 9, 72, 0
8, 82080, Note_on_c, 9, 72, 110
8, 82174, Note_on_c, 9, 72, 0
8, 82174, End_track
9, 0, Start_track
9, 0, MIDI_port, 0
9, 0, Title_t, "track_5"
9, 0, Control_c, 9, 7, 127
9, 0, Control_c, 9, 10, 64
9, 6048, Note_on_c, 9, 72, 110
9, 6142, Note_on_c, 9, 72, 0
9, 6144, Note_on_c, 9, 72, 110
9, 6238, Note_on_c, 9, 72, 0
9, 6240, Note_on_c, 9, 72, 110
9, 6334, Note_on_c, 9, 72, 0
9, 6816, Note_on_c, 9, 72, 110
9, 6910, Note_on_c, 9, 72, 0
9, 6912, Note_on_c, 9, 72, 110
9, 7006, Note_on_c, 9, 72, 0
9, 7008, Note_on_c, 9, 72, 110
9, 7102, Note_on_c, 9, 72, 0
9, 8064, Note_on_c, 9, 71, 110
9, 8158, Note_on_c, 9, 71, 0
9, 8160, Note_on_c, 9, 71, 110
9, 8254, Note_on_c, 9, 71, 0
9, 9120, Note_on_c, 9, 72, 110
9, 9214, Note_on_c, 9, 72, 0
9, 15168, Note_on_c, 9, 71, 110
9, 15328, Note_on_c, 9, 71, 0
9, 16128, Note_on_c, 9, 71, 110
9, 16174, Note_on_c, 9, 71, 0
9, 16188, Note_on_c, 9, 71, 110
9, 16234, Note_on_c, 9, 71, 0
9, 16260, Note_on_c, 9, 71, 110
9, 16306, Note_on_c, 9, 71, 0
9, 16320, Note_on_c, 9, 71, 110
9, 16480, Note_on_c, 9, 71, 0
9, 16512, Note_on_c, 9, 71, 110
9, 16558, Note_on_c, 9, 71, 0
9, 16572, Note_on_c, 9, 71, 110
9, 16618, Note_on_c, 9, 71, 0
9, 16644, Note_on_c, 9, 71, 110
9, 16690, Note_on_c, 9, 71, 0
9, 16704, Note_on_c, 9, 71, 110
9, 16864, Note_on_c, 9, 71, 0
9, 17664, Note_on_c, 9, 71, 110
9, 17710, Note_on_c, 9, 71, 0
9, 17724, Note_on_c, 9, 71, 110
9, 17770, Note_on_c, 9, 71, 0
9, 17796, Note_on_c, 9, 71, 110
9, 17842, Note_on_c, 9, 71, 0
9, 17856, Note_on_c, 9, 71, 110
9, 18016, Note_on_c, 9, 71, 0
9, 18048, Note_on_c, 9, 71, 110
9, 18094, Note_on_c, 9, 71, 0
9, 18108, Note_on_c, 9, 71, 110
9, 18154, Note_on_c, 9, 71, 0
9, 18180, Note_on_c, 9, 71, 110
9, 18226, Note_on_c, 9, 71, 0
9, 18240, Note_on_c, 9, 71, 110
9, 18400, Note_on_c, 9, 71, 0
9, 19008, Note_on_c, 9, 71, 110
9, 19102, Note_on_c, 9, 71, 0
9, 19104, Note_on_c, 9, 71, 110
9, 19198, Note_on_c, 9, 71, 0
9, 19200, Note_on_c, 9, 72, 110
9, 19294, Note_on_c, 9, 72, 0
9, 19296, Note_on_c, 9, 72, 110
9, 19390, Note_on_c, 9, 72, 0
9, 20352, Note_on_c, 9, 72, 110
9, 20446, Note_on_c, 9, 72, 0
9, 20448, Note_on_c, 9, 72, 110
9, 20542, Note_on_c, 9, 72, 0
9, 20544, Note_on_c, 9, 72, 110
9, 20638, Note_on_c, 9, 72, 0
9, 20640, Note_on_c, 9, 72, 110
9, 20734, Note_on_c, 9, 72, 0
9, 29184, Note_on_c, 9, 71, 110
9, 29904, Note_on_c, 9, 71, 0
9, 33984, Note_on_c, 9, 71, 110
9, 34144, Note_on_c, 9, 71, 0
9, 34752, Note_on_c, 9, 71, 110
9, 34912, Note_on_c, 9, 71, 0
9, 37824, Note_on_c, 9, 71, 110
9, 37984, Note_on_c, 9, 71, 0
9, 38592, Note_on_c, 9, 71, 110
9, 38752, Note_on_c, 9, 71, 0
9, 59136, Note_on_c, 9, 71, 110
9, 59182, Note_on_c, 9, 71, 0
9, 59196, Note_on_c, 9, 71, 110
9, 59266, Note_on_c, 9, 71, 0
9, 59268, Note_on_c, 9, 71, 110
9, 59314, Note_on_c, 9, 71, 0
9, 59856, Note_on_c, 9, 71, 110
9, 59902, Note_on_c, 9, 71, 0
9, 59952, Note_on_c, 9, 71, 110
9, 59962, Note_on_c, 9, 71, 0
9, 60288, Note_on_c, 9, 71, 110
9, 60334, Note_on_c, 9, 71, 0
9, 63360, Note_on_c, 9, 71, 110
9, 63406, Note_on_c, 9, 71, 0
9, 63420, Note_on_c, 9, 71, 110
9, 63490, Note_on_c, 9, 71, 0
9, 63492, Note_on_c, 9, 71, 110
9, 63538, Note_on_c, 9, 71, 0
9, 63552, Note_on_c, 9, 71, 110
9, 63598, Note_on_c, 9, 71, 0
9, 63612, Note_on_c, 9, 71, 110
9, 63682, Note_on_c, 9, 71, 0
9, 63684, Note_on_c, 9, 71, 110
9, 63730, Note_on_c, 9, 71, 0
9, 64512, Note_on_c, 9, 71, 110
9, 64848, Note_on_c, 9, 71, 0
9, 65088, Note_on_c, 9, 71, 110
9, 65182, Note_on_c, 9, 71, 0
9, 65184, Note_on_c, 9, 71, 110
9, 65278, Note_on_c, 9, 71, 0
9, 65472, Note_on_c, 9, 71, 110
9, 65632, Note_on_c, 9, 71, 0
9, 65664, Note_on_c, 9, 71, 110
9, 65824, Note_on_c, 9, 71, 0
9, 65856, Note_on_c, 9, 71, 110
9, 65950, Note_on_c, 9, 71, 0
9, 65952, Note_on_c, 9, 72, 110
9, 66046, Note_on_c, 9, 72, 0
9, 66048, Note_on_c, 9, 72, 110
9, 66142, Note_on_c, 9, 72, 0
9, 66144, Note_on_c, 9, 72, 110
9, 66238, Note_on_c, 9, 72, 0
9, 66240, Note_on_c, 9, 72, 110
9, 66334, Note_on_c, 9, 72, 0
9, 66336, Note_on_c, 9, 72, 110
9, 66430, Note_on_c, 9, 72, 0
9, 66432, Note_on_c, 9, 72, 110
9, 66526, Note_on_c, 9, 72, 0
9, 66528, Note_on_c, 9, 72, 110
9, 66622, Note_on_c, 9, 72, 0
9, 66624, Note_on_c, 9, 72, 110
9, 66718, Note_on_c, 9, 72, 0
9, 66720, Note_on_c, 9, 72, 110
9, 66814, Note_on_c, 9, 72, 0
9, 66816, Note_on_c, 9, 71, 110
9, 66976, Note_on_c, 9, 71, 0
9, 71232, Note_on_c, 9, 72, 110
9, 71392, Note_on_c, 9, 72, 0
9, 71424, Note_on_c, 9, 72, 110
9, 71584, Note_on_c, 9, 72, 0
9, 72000, Note_on_c, 9, 72, 110
9, 72160, Note_on_c, 9, 72, 0
9, 72192, Note_on_c, 9, 72, 110
9, 72352, Note_on_c, 9, 72, 0
9, 72384, Note_on_c, 9, 72, 110
9, 72544, Note_on_c, 9, 72, 0
9, 72576, Note_on_c, 9, 72, 110
9, 72736, Note_on_c, 9, 72, 0
9, 72768, Note_on_c, 9, 72, 110
9, 72928, Note_on_c, 9, 72, 0
9, 74688, Note_on_c, 9, 71, 110
9, 74782, Note_on_c, 9, 71, 0
9, 74784, Note_on_c, 9, 72, 110
9, 74878, Note_on_c, 9, 72, 0
9, 74880, Note_on_c, 9, 72, 110
9, 74974, Note_on_c, 9, 72, 0
9, 74976, Note_on_c, 9, 72, 110
9, 75070, Note_on_c, 9, 72, 0
9, 76032, Note_on_c, 9, 71, 110
9, 76192, Note_on_c, 9, 71, 0
9, 77376, Note_on_c, 9, 71, 110
9, 77536, Note_on_c, 9, 71, 0
9, 78144, Note_on_c, 9, 71, 110
9, 78304, Note_on_c, 9, 71, 0
9, 79296, Note_on_c, 9, 71, 110
9, 79342, Note_on_c, 9, 71, 0
9, 79356, Note_on_c, 9, 71, 110
9, 79426, Note_on_c, 9, 71, 0
9, 79428, Note_on_c, 9, 71, 110
9, 79474, Note_on_c, 9, 71, 0
9, 81024, Note_on_c, 9, 71, 110
9, 81070, Note_on_c, 9, 71, 0
9, 81156, Note_on_c, 9, 71, 110
9, 81202, Note_on_c, 9, 71, 0
9, 81276, Note_on_c, 9, 71, 110
9, 81370, Note_on_c, 9, 71, 0
9, 81370, End_track
10, 0, Start_track
10, 0, MIDI_port, 0
10, 0, Title_t, "track_6"
10, 0, Control_c, 9, 7, 127
10, 0, Control_c, 9, 10, 64
10, 1152, Note_on_c, 9, 71, 110
10, 1312, Note_on_c, 9, 71, 0
10, 1344, Note_on_c, 9, 71, 110
10, 1390, Note_on_c, 9, 71, 0
10, 1404, Note_on_c, 9, 71, 110
10, 1450, Note_on_c, 9, 71, 0
10, 1476, Note_on_c, 9, 71, 110
10, 1522, Note_on_c, 9, 71, 0
10, 5952, Note_on_c, 9, 71, 110
10, 6046, Note_on_c, 9, 71, 0
10, 6720, Note_on_c, 9, 71, 110
10, 6814, Note_on_c, 9, 71, 0
10, 7584, Note_on_c, 9, 71, 110
10, 7678, Note_on_c, 9, 71, 0
10, 7776, Note_on_c, 9, 71, 110
10, 7870, Note_on_c, 9, 71, 0
10, 7872, Note_on_c, 9, 71, 110
10, 7966, Note_on_c, 9, 71, 0
10, 9024, Note_on_c, 9, 71, 110
10, 9118, Note_on_c, 9, 71, 0
10, 16896, Note_on_c, 9, 71, 110
10, 16942, Note_on_c, 9, 71, 0
10, 16956, Note_on_c, 9, 71, 110
10, 17002, Note_on_c, 9, 71, 0
10, 17028, Note_on_c, 9, 71, 110
10, 17074, Note_on_c, 9, 71, 0
10, 17088, Note_on_c, 9, 71, 110
10, 17248, Note_on_c, 9, 71, 0
10, 17280, Note_on_c, 9, 71, 110
10, 17326, Note_on_c, 9, 71, 0
10, 17340, Note_on_c, 9, 71, 110
10, 17386, Note_on_c, 9, 71, 0
10, 17412, Note_on_c, 9, 71, 110
10, 17458, Note_on_c, 9, 71, 0
10, 17472, Note_on_c, 9, 71, 110
10, 17632, Note_on_c, 9, 71, 0
10, 19392, Note_on_c, 9, 71, 110
10, 19486, Note_on_c, 9, 71, 0
10, 19488, Note_on_c, 9, 72, 110
10, 19582, Note_on_c, 9, 72, 0
10, 19584, Note_on_c, 9, 72, 110
10, 19678, Note_on_c, 9, 72, 0
10, 19680, Note_on_c, 9, 72, 110
10, 19774, Note_on_c, 9, 72, 0
10, 20736, Note_on_c, 9, 72, 110
10, 20830, Note_on_c, 9, 72, 0
10, 20832, Note_on_c, 9, 72, 110
10, 20926, Note_on_c, 9, 72, 0
10, 20928, Note_on_c, 9, 72, 110
10, 21022, Note_on_c, 9, 72, 0
10, 21024, Note_on_c, 9, 72, 110
10, 21118, Note_on_c, 9, 72, 0
10, 21120, Note_on_c, 9, 72, 110
10, 21214, Note_on_c, 9, 72, 0
10, 21216, Note_on_c, 9, 72, 110
10, 21310, Note_on_c, 9, 72, 0
10, 21312, Note_on_c, 9, 72, 110
10, 21406, Note_on_c, 9, 72, 0
10, 21408, Note_on_c, 9, 72, 110
10, 21502, Note_on_c, 9, 72, 0
10, 27648, Note_on_c, 9, 71, 110
10, 27808, Note_on_c, 9, 71, 0
10, 34176, Note_on_c, 9, 71, 110
10, 34336, Note_on_c, 9, 71, 0
10, 34944, Note_on_c, 9, 71, 110
10, 35104, Note_on_c, 9, 71, 0
10, 38016, Note_on_c, 9, 71, 110
10, 38176, Note_on_c, 9, 71, 0
10, 38784, Note_on_c, 9, 71, 110
10, 38944, Note_on_c, 9, 71, 0
10, 39552, Note_on_c, 9, 71, 110
10, 39712, Note_on_c, 9, 71, 0
10, 47748, Note_on_c, 9, 71, 110
10, 47794, Note_on_c, 9, 71, 0
10, 47808, Note_on_c, 9, 71, 110
10, 47854, Note_on_c, 9, 71, 0
10, 48132, Note_on_c, 9, 71, 110
10, 48178, Note_on_c, 9, 71, 0
10, 48192, Note_on_c, 9, 71, 110
10, 48238, Note_on_c, 9, 71, 0
10, 48516, Note_on_c, 9, 71, 110
10, 48562, Note_on_c, 9, 71, 0
10, 48576, Note_on_c, 9, 71, 110
10, 48622, Note_on_c, 9, 71, 0
10, 48900, Note_on_c, 9, 71, 110
10, 48946, Note_on_c, 9, 71, 0
10, 48960, Note_on_c, 9, 71, 110
10, 49006, Note_on_c, 9, 71, 0
10, 50820, Note_on_c, 9, 71, 110
10, 50866, Note_on_c, 9, 71, 0
10, 50880, Note_on_c, 9, 71, 110
10, 50926, Note_on_c, 9, 71, 0
10, 51204, Note_on_c, 9, 71, 110
10, 51250, Note_on_c, 9, 71, 0
10, 51264, Note_on_c, 9, 71, 110
10, 51310, Note_on_c, 9, 71, 0
10, 51588, Note_on_c, 9, 71, 110
10, 51634, Note_on_c, 9, 71, 0
10, 51648, Note_on_c, 9, 71, 110
10, 51694, Note_on_c, 9, 71, 0
10, 51972, Note_on_c, 9, 71, 110
10, 52018, Note_on_c, 9, 71, 0
10, 52032, Note_on_c, 9, 71, 110
10, 52078, Note_on_c, 9, 71, 0
10, 59328, Note_on_c, 9, 71, 110
10, 59374, Note_on_c, 9, 71, 0
10, 59388, Note_on_c, 9, 71, 110
10, 59458, Note_on_c, 9, 71, 0
10, 59460, Note_on_c, 9, 71, 110
10, 59506, Note_on_c, 9, 71, 0
10, 59520, Note_on_c, 9, 71, 110
10, 59566, Note_on_c, 9, 71, 0
10, 59580, Note_on_c, 9, 71, 110
10, 59650, Note_on_c, 9, 71, 0
10, 59652, Note_on_c, 9, 71, 110
10, 59698, Note_on_c, 9, 71, 0
10, 59712, Note_on_c, 9, 71, 110
10, 59854, Note_on_c, 9, 71, 0
10, 60480, Note_on_c, 9, 71, 110
10, 60574, Note_on_c, 9, 71, 0
10, 60576, Note_on_c, 9, 71, 110
10, 60670, Note_on_c, 9, 71, 0
10, 60672, Note_on_c, 9, 71, 110
10, 60718, Note_on_c, 9, 71, 0
10, 60804, Note_on_c, 9, 71, 110
10, 60850, Note_on_c, 9, 71, 0
10, 60924, Note_on_c, 9, 71, 110
10, 61018, Note_on_c, 9, 71, 0
10, 61056, Note_on_c, 9, 71, 110
10, 61102, Note_on_c, 9, 71, 0
10, 62592, Note_on_c, 9, 71, 110
10, 62638, Note_on_c, 9, 71, 0
10, 62652, Note_on_c, 9, 71, 110
10, 62722, Note_on_c, 9, 71, 0
10, 62724, Note_on_c, 9, 71, 110
10, 62770, Note_on_c, 9, 71, 0
10, 62784, Note_on_c, 9, 71, 110
10, 62830, Note_on_c, 9, 71, 0
10, 62844, Note_on_c, 9, 71, 110
10, 62914, Note_on_c, 9, 71, 0
10, 62916, Note_on_c, 9, 71, 110
10, 62962, Note_on_c, 9, 71, 0
10, 64128, Note_on_c, 9, 71, 110
10, 64174, Note_on_c, 9, 71, 0
10, 64188, Note_on_c, 9, 71, 110
10, 64258, Note_on_c, 9, 71, 0
10, 64260, Note_on_c, 9, 71, 110
10, 64306, Note_on_c, 9, 71, 0
10, 64320, Note_on_c, 9, 71, 110
10, 64366, Note_on_c, 9, 71, 0
10, 64380, Note_on_c, 9, 71, 110
10, 64450, Note_on_c, 9, 71, 0
10, 64452, Note_on_c, 9, 71, 110
10, 64498, Note_on_c, 9, 71, 0
10, 69252, Note_on_c, 9, 71, 110
10, 69298, Note_on_c, 9, 71, 0
10, 69312, Note_on_c, 9, 71, 110
10, 69358, Note_on_c, 9, 71, 0
10, 69636, Note_on_c, 9, 71, 110
10, 69682, Note_on_c, 9, 71, 0
10, 69696, Note_on_c, 9, 71, 110
10, 69742, Note_on_c, 9, 71, 0
10, 70020, Note_on_c, 9, 71, 110
10, 70066, Note_on_c, 9, 71, 0
10, 70080, Note_on_c, 9, 71, 110
10, 70126, Note_on_c, 9, 71, 0
10, 70404, Note_on_c, 9, 71, 110
10, 70450, Note_on_c, 9, 71, 0
10, 70464, Note_on_c, 9, 71, 110
10, 70510, Note_on_c, 9, 71, 0
10, 71616, Note_on_c, 9, 71, 110
10, 71776, Note_on_c, 9, 71, 0
10, 71808, Note_on_c, 9, 71, 110
10, 71968, Note_on_c, 9, 71, 0
10, 72960, Note_on_c, 9, 72, 110
10, 73120, Note_on_c, 9, 72, 0
10, 73152, Note_on_c, 9, 72, 110
10, 73312, Note_on_c, 9, 72, 0
10, 73344, Note_on_c, 9, 72, 110
10, 73504, Note_on_c, 9, 72, 0
10, 73536, Note_on_c, 9, 72, 110
10, 73696, Note_on_c, 9, 72, 0
10, 74304, Note_on_c, 9, 71, 110
10, 74398, Note_on_c, 9, 71, 0
10, 74400, Note_on_c, 9, 71, 110
10, 74494, Note_on_c, 9, 71, 0
10, 74496, Note_on_c, 9, 71, 110
10, 74656, Note_on_c, 9, 71, 0
10, 76800, Note_on_c, 9, 71, 110
10, 76960, Note_on_c, 9, 71, 0
10, 77760, Note_on_c, 9, 71, 110
10, 77920, Note_on_c, 9, 71, 0
10, 79104, Note_on_c, 9, 71, 110
10, 79150, Note_on_c, 9, 71, 0
10, 79164, Note_on_c, 9, 71, 110
10, 79234, Note_on_c, 9, 71, 0
10, 79236, Note_on_c, 9, 71, 110
10, 79282, Note_on_c, 9, 71, 0
10, 79282, End_track
11, 0, Start_track
11, 0, MIDI_port, 0
11, 0, Title_t, "Main Melody"
11, 0, Control_c, 10, 7, 127
11, 0, Control_c, 10, 10, 64
11, 0, End_track
12, 0, Start_track
12, 0, MIDI_port, 0
12, 0, Title_t, "test"
12, 0, Control_c, 9, 7, 127
12, 0, Control_c, 9, 10, 64
12, 0, End_track
0, 0, End_of_file
